{
  "transactions": [
    {
      "id": 1,
      "amount": 52.39,
      "date": "2022-04-07T12:13:18.561Z",
      "description": "Test transaction 1"
    },
    {
      "id": 2,
      "amount": 46.84,
      "date": "2022-01-23T14:48:50.226Z",
      "description": "Test transaction 2"
    },
    {
      "id": 3,
      "amount": 138.92,
      "date": "2022-07-03T23:17:55.236Z",
      "description": "Test transaction 3"
    },
    {
      "id": 4,
      "amount": 188.96,
      "date": "2022-01-02T13:47:53.220Z",
      "description": "Test transaction 4"
    },
    {
      "id": 5,
      "amount": 78.02,
      "date": "2022-01-19T13:37:26.386Z",
      "description": "Test transaction 5"
    },
    {
      "id": 6,
      "amount": 15.51,
      "date": "2022-07-16T00:55:26.584Z",
      "description": "Test transaction 6"
    },
    {
      "id": 7,
      "amount": 154.18,
      "date": "2022-02-26T14:35:24.950Z",
      "description": "Test transaction 7"
    },
    {
      "id": 8,
      "amount": 108.04,
      "date": "2022-05-14T05:52:00.181Z",
      "description": "Test transaction 8"
    },
    {
      "id": 9,
      "amount": 82.8,
      "date": "2022-05-09T11:42:26.573Z",
      "description": "Test transaction 9"
    },
    {
      "id": 10,
      "amount": 93.09,
      "date": "2022-06-05T19:23:21.800Z",
      "description": "Test transaction 10"
    },
    {
      "id": 11,
      "amount": 105.79,
      "date": "2022-01-04T15:53:02.253Z",
      "description": "Test transaction 11"
    },
    {
      "id": 12,
      "amount": 5.82,
      "date": "2022-05-31T19:58:47.628Z",
      "description": "Test transaction 12"
    },
    {
      "id": 13,
      "amount": 148.17,
      "date": "2022-06-30T18:38:04.980Z",
      "description": "Test transaction 13"
    },
    {
      "id": 14,
      "amount": 80.84,
      "date": "2022-07-09T07:06:25.110Z",
      "description": "Test transaction 14"
    },
    {
      "id": 15,
      "amount": 95.56,
      "date": "2022-05-14T21:38:03.563Z",
      "description": "Test transaction 15"
    },
    {
      "id": 16,
      "amount": 74.63,
      "date": "2022-06-15T05:29:01.164Z",
      "description": "Test transaction 16"
    },
    {
      "id": 17,
      "amount": 8.12,
      "date": "2022-03-30T06:26:05.801Z",
      "description": "Test transaction 17"
    },
    {
      "id": 18,
      "amount": 162.96,
      "date": "2022-08-05T23:01:50.295Z",
      "description": "Test transaction 18"
    },
    {
      "id": 19,
      "amount": 166.49,
      "date": "2022-07-17T06:41:46.951Z",
      "description": "Test transaction 19"
    },
    {
      "id": 20,
      "amount": 19.91,
      "date": "2022-07-11T04:26:59.861Z",
      "description": "Test transaction 20"
    },
    {
      "id": 21,
      "amount": 195.28,
      "date": "2022-07-25T00:29:34.871Z",
      "description": "Test transaction 21"
    },
    {
      "id": 22,
      "amount": 136.51,
      "date": "2022-03-12T08:31:48.772Z",
      "description": "Test transaction 22"
    },
    {
      "id": 23,
      "amount": 179.37,
      "date": "2022-03-29T22:05:58.300Z",
      "description": "Test transaction 23"
    },
    {
      "id": 24,
      "amount": 92.36,
      "date": "2022-02-01T10:06:52.795Z",
      "description": "Test transaction 24"
    },
    {
      "id": 25,
      "amount": 52.37,
      "date": "2022-05-06T20:52:04.332Z",
      "description": "Test transaction 25"
    },
    {
      "id": 26,
      "amount": 99.83,
      "date": "2022-08-04T05:11:48.011Z",
      "description": "Test transaction 26"
    },
    {
      "id": 27,
      "amount": 120.88,
      "date": "2022-08-01T07:18:48.669Z",
      "description": "Test transaction 27"
    },
    {
      "id": 28,
      "amount": 104.48,
      "date": "2022-06-12T03:22:11.767Z",
      "description": "Test transaction 28"
    },
    {
      "id": 29,
      "amount": 90.31,
      "date": "2022-05-05T10:56:20.096Z",
      "description": "Test transaction 29"
    },
    {
      "id": 30,
      "amount": 115.56,
      "date": "2022-04-21T13:55:44.985Z",
      "description": "Test transaction 30"
    },
    {
      "id": 31,
      "amount": 7.9,
      "date": "2022-07-24T11:20:54.525Z",
      "description": "Test transaction 31"
    },
    {
      "id": 32,
      "amount": 170.68,
      "date": "2022-04-15T17:41:21.267Z",
      "description": "Test transaction 32"
    },
    {
      "id": 33,
      "amount": 194.84,
      "date": "2022-08-14T17:08:49.785Z",
      "description": "Test transaction 33"
    },
    {
      "id": 34,
      "amount": 28.92,
      "date": "2022-05-04T14:18:23.091Z",
      "description": "Test transaction 34"
    },
    {
      "id": 35,
      "amount": 8.62,
      "date": "2022-08-08T11:30:06.767Z",
      "description": "Test transaction 35"
    },
    {
      "id": 36,
      "amount": 173.33,
      "date": "2022-05-21T04:44:52.848Z",
      "description": "Test transaction 36"
    },
    {
      "id": 37,
      "amount": 114.01,
      "date": "2022-01-21T18:57:17.671Z",
      "description": "Test transaction 37"
    },
    {
      "id": 38,
      "amount": 160.64,
      "date": "2022-01-28T10:52:19.212Z",
      "description": "Test transaction 38"
    },
    {
      "id": 39,
      "amount": 66.74,
      "date": "2022-08-02T00:52:12.339Z",
      "description": "Test transaction 39"
    },
    {
      "id": 40,
      "amount": 128.52,
      "date": "2022-05-08T01:13:49.950Z",
      "description": "Test transaction 40"
    },
    {
      "id": 41,
      "amount": 78.2,
      "date": "2022-05-13T21:19:59.087Z",
      "description": "Test transaction 41"
    },
    {
      "id": 42,
      "amount": 186.02,
      "date": "2022-05-02T22:43:52.048Z",
      "description": "Test transaction 42"
    },
    {
      "id": 43,
      "amount": 179.72,
      "date": "2022-04-27T16:24:02.517Z",
      "description": "Test transaction 43"
    },
    {
      "id": 44,
      "amount": 118.9,
      "date": "2022-08-13T01:11:13.819Z",
      "description": "Test transaction 44"
    },
    {
      "id": 45,
      "amount": 195.03,
      "date": "2022-03-05T02:31:16.244Z",
      "description": "Test transaction 45"
    },
    {
      "id": 46,
      "amount": 68.27,
      "date": "2022-04-26T20:43:21.346Z",
      "description": "Test transaction 46"
    },
    {
      "id": 47,
      "amount": 157.59,
      "date": "2022-07-05T02:06:29.514Z",
      "description": "Test transaction 47"
    },
    {
      "id": 48,
      "amount": 31.62,
      "date": "2022-06-11T11:15:44.401Z",
      "description": "Test transaction 48"
    },
    {
      "id": 49,
      "amount": 131.06,
      "date": "2022-07-22T07:49:14.851Z",
      "description": "Test transaction 49"
    },
    {
      "id": 50,
      "amount": 157.82,
      "date": "2022-04-30T08:07:17.349Z",
      "description": "Test transaction 50"
    },
    {
      "id": 51,
      "amount": 69.78,
      "date": "2022-05-14T07:03:20.608Z",
      "description": "Test transaction 51"
    },
    {
      "id": 52,
      "amount": 8.04,
      "date": "2022-08-07T03:48:38.048Z",
      "description": "Test transaction 52"
    },
    {
      "id": 53,
      "amount": 70.91,
      "date": "2022-04-30T06:35:16.766Z",
      "description": "Test transaction 53"
    },
    {
      "id": 54,
      "amount": 148.91,
      "date": "2022-03-04T02:28:44.074Z",
      "description": "Test transaction 54"
    },
    {
      "id": 55,
      "amount": 37.71,
      "date": "2022-02-04T12:02:33.391Z",
      "description": "Test transaction 55"
    },
    {
      "id": 56,
      "amount": 110.84,
      "date": "2022-08-06T03:04:44.327Z",
      "description": "Test transaction 56"
    },
    {
      "id": 57,
      "amount": 62.73,
      "date": "2022-05-15T23:57:11.006Z",
      "description": "Test transaction 57"
    },
    {
      "id": 58,
      "amount": 84.67,
      "date": "2022-08-04T05:18:00.551Z",
      "description": "Test transaction 58"
    },
    {
      "id": 59,
      "amount": 32.3,
      "date": "2022-04-18T00:47:47.396Z",
      "description": "Test transaction 59"
    },
    {
      "id": 60,
      "amount": 41.26,
      "date": "2022-04-13T15:03:47.566Z",
      "description": "Test transaction 60"
    },
    {
      "id": 61,
      "amount": 7.5,
      "date": "2022-04-14T01:11:23.927Z",
      "description": "Test transaction 61"
    },
    {
      "id": 62,
      "amount": 199.77,
      "date": "2022-03-18T05:40:10.863Z",
      "description": "Test transaction 62"
    },
    {
      "id": 63,
      "amount": 56.67,
      "date": "2022-07-24T01:10:08.932Z",
      "description": "Test transaction 63"
    },
    {
      "id": 64,
      "amount": 119.55,
      "date": "2022-07-09T03:43:18.921Z",
      "description": "Test transaction 64"
    },
    {
      "id": 65,
      "amount": 128.06,
      "date": "2022-04-01T21:56:38.029Z",
      "description": "Test transaction 65"
    },
    {
      "id": 66,
      "amount": 23.51,
      "date": "2022-07-05T21:11:26.443Z",
      "description": "Test transaction 66"
    },
    {
      "id": 67,
      "amount": 32.83,
      "date": "2022-07-08T16:49:57.713Z",
      "description": "Test transaction 67"
    },
    {
      "id": 68,
      "amount": 128.68,
      "date": "2022-02-02T18:03:37.659Z",
      "description": "Test transaction 68"
    },
    {
      "id": 69,
      "amount": 71.24,
      "date": "2022-05-05T21:30:26.797Z",
      "description": "Test transaction 69"
    },
    {
      "id": 70,
      "amount": 48.09,
      "date": "2022-02-28T10:50:24.494Z",
      "description": "Test transaction 70"
    },
    {
      "id": 71,
      "amount": 116.68,
      "date": "2022-01-02T00:32:20.145Z",
      "description": "Test transaction 71"
    },
    {
      "id": 72,
      "amount": 142.26,
      "date": "2022-05-03T16:15:35.206Z",
      "description": "Test transaction 72"
    },
    {
      "id": 73,
      "amount": 141.09,
      "date": "2022-08-03T20:00:35.903Z",
      "description": "Test transaction 73"
    },
    {
      "id": 74,
      "amount": 35.39,
      "date": "2022-07-25T09:37:14.336Z",
      "description": "Test transaction 74"
    },
    {
      "id": 75,
      "amount": 115.04,
      "date": "2022-05-29T23:23:50.898Z",
      "description": "Test transaction 75"
    },
    {
      "id": 76,
      "amount": 180.68,
      "date": "2022-04-11T17:57:22.111Z",
      "description": "Test transaction 76"
    },
    {
      "id": 77,
      "amount": 69.8,
      "date": "2022-01-25T13:14:12.198Z",
      "description": "Test transaction 77"
    },
    {
      "id": 78,
      "amount": 165.48,
      "date": "2022-06-28T00:45:54.392Z",
      "description": "Test transaction 78"
    },
    {
      "id": 79,
      "amount": 139.24,
      "date": "2022-03-30T07:00:30.339Z",
      "description": "Test transaction 79"
    },
    {
      "id": 80,
      "amount": 194.3,
      "date": "2022-06-11T22:28:51.945Z",
      "description": "Test transaction 80"
    },
    {
      "id": 81,
      "amount": 31.17,
      "date": "2022-05-17T21:28:18.791Z",
      "description": "Test transaction 81"
    },
    {
      "id": 82,
      "amount": 179.55,
      "date": "2022-04-19T01:43:31.749Z",
      "description": "Test transaction 82"
    },
    {
      "id": 83,
      "amount": 199.88,
      "date": "2022-01-01T11:26:49.350Z",
      "description": "Test transaction 83"
    },
    {
      "id": 84,
      "amount": 135.84,
      "date": "2022-01-05T13:03:38.932Z",
      "description": "Test transaction 84"
    },
    {
      "id": 85,
      "amount": 18.53,
      "date": "2022-01-01T12:32:31.015Z",
      "description": "Test transaction 85"
    },
    {
      "id": 86,
      "amount": 126.07,
      "date": "2022-05-28T13:58:10.162Z",
      "description": "Test transaction 86"
    },
    {
      "id": 87,
      "amount": 193.66,
      "date": "2022-04-15T20:07:34.297Z",
      "description": "Test transaction 87"
    },
    {
      "id": 88,
      "amount": 96.29,
      "date": "2022-02-16T19:25:57.285Z",
      "description": "Test transaction 88"
    },
    {
      "id": 89,
      "amount": 175.46,
      "date": "2022-07-31T18:09:07.229Z",
      "description": "Test transaction 89"
    },
    {
      "id": 90,
      "amount": 130.36,
      "date": "2022-03-24T08:53:20.338Z",
      "description": "Test transaction 90"
    },
    {
      "id": 91,
      "amount": 122.2,
      "date": "2022-03-22T00:24:19.140Z",
      "description": "Test transaction 91"
    },
    {
      "id": 92,
      "amount": 3.1,
      "date": "2022-07-10T02:17:34.595Z",
      "description": "Test transaction 92"
    },
    {
      "id": 93,
      "amount": 3.03,
      "date": "2022-07-22T15:04:03.538Z",
      "description": "Test transaction 93"
    },
    {
      "id": 94,
      "amount": 44.21,
      "date": "2022-01-12T14:58:23.775Z",
      "description": "Test transaction 94"
    },
    {
      "id": 95,
      "amount": 94.5,
      "date": "2022-01-23T11:21:02.744Z",
      "description": "Test transaction 95"
    },
    {
      "id": 96,
      "amount": 14.3,
      "date": "2022-01-06T13:50:31.516Z",
      "description": "Test transaction 96"
    },
    {
      "id": 97,
      "amount": 129.72,
      "date": "2022-04-08T07:41:31.097Z",
      "description": "Test transaction 97"
    },
    {
      "id": 98,
      "amount": 105.79,
      "date": "2022-05-30T00:27:35.269Z",
      "description": "Test transaction 98"
    },
    {
      "id": 99,
      "amount": 38.52,
      "date": "2022-04-19T08:14:40.497Z",
      "description": "Test transaction 99"
    },
    {
      "id": 100,
      "amount": 4.3,
      "date": "2022-08-04T00:55:41.308Z",
      "description": "Test transaction 100"
    }
  ]
}